{
    "ShowFishInMinigame": true,
    "GlobalDartFrequencyFactor": 0.83,
    "CatchSpeed": 1.1775,
    "DrainSpeed": 1.3050001,
    "StreakForIncreasedQuality": 7,
    "MaxFishQuality": 3,
    "MaxNormalFishQuality": null,
    "FishChances": {
        "BaseChance": 0.5400000214576721,
        "StreakFactor": 0.05000000074505806,
        "FishingLevelFactor": 0.02500000037252903,
        "DailyLuckFactor": 1,
        "LuckLevelFactor": 0.10000000149011612,
        "MinChance": 0.10000000149011612,
        "MaxChance": 0.8999999761581421,
        "LocationFactors": {
        }
    }
}