{
    "ShowFishInMinigame": false,
    "GlobalDartFrequencyFactor": 0.75,
    "CatchSpeed": 1.1775,
    "DrainSpeed": 0.9075,
    "StreakForIncreasedQuality": 3,
    "MaxFishQuality": 3,
    "MaxNormalFishQuality": null,
    "FishChances": {
        "BaseChance": 0.5,
        "StreakFactor": 0.004999999888241291,
        "FishingLevelFactor": 0.02500000037252903,
        "DailyLuckFactor": 1,
        "LuckLevelFactor": 0.10000000149011612,
        "MinChance": 0.10000000149011612,
        "MaxChance": 0.8999999761581421,
        "LocationFactors": {
        }
    }
}